,timestep,positions,velocities,fuel,rewards,actions
0,0,0.006059124261944959,0.12118248523889917,0.49720571993688484,-5.306260918582967,0.55885601262303
1,1,0.038661704920869136,0.6520516131784835,0.49238049395389033,-5.892650526557749,0.9650451965989046
2,2,0.07885710048567968,0.8039079112962106,0.4894414918490683,-5.26665223440025,0.5878004209644031
3,3,0.1269955458885949,0.9627689080583044,0.48648401306202094,-5.22287168514481,0.5914957574094717
4,4,0.190692073740435,1.2739305570368016,0.48280819692882054,-5.34977289606341,0.7351632266400744
5,5,0.2618638113945679,1.4234347530826574,0.4800059753266301,-5.052234024916748,0.5604443204380924
6,6,0.3532185096069271,1.8270939642471835,0.47612780468857496,-5.248389790307989,0.7756341276110257
7,7,0.4770898993355273,2.4774277945720042,0.47159395134642706,-5.3451431457887075,0.9067706684295839
8,8,0.6388126601111361,3.234455215512177,0.46843393563416014,-4.760615311959812,0.6320031424533812
9,9,0.8696545743104952,4.616838283987181,0.4636006189347783,-5.064783438350439,0.9666633398763675
10,10,1.1466418582006024,5.539745677802142,0.46125429716150756,-4.073567176348368,0.46926435465414335
11,11,1.4501450859548997,6.070064555085946,0.4607596514434721,-3.559641889499933,0.09892914360709262
12,12,1.7655052073296118,6.307202427494244,0.45891167348534234,-3.371095694019725,0.3695955916259512
13,13,2.0308828262687983,5.307552378783734,0.4564571492587294,-3.2101047408923993,-0.49090484532259143
14,14,2.2923901078841316,5.230145632306661,0.454408639295334,-2.875465614921073,0.4097019926790743
15,15,2.5143664944050363,4.439527730418097,0.4529936469962857,-2.565721633849605,-0.28299845980966276
16,16,2.7039374173657866,3.791418459215004,0.4521968179958698,-2.321460040870366,-0.15936580008318138
17,17,2.8873709249586668,3.668670151857601,0.4508542214359594,-2.184731695948663,0.26851931198208
18,18,3.0815755413572914,3.8840923279724966,0.45076901083226245,-1.9187148925220043,0.017042120739385318
19,19,3.2794077959274297,3.956645091402768,0.4491217836711678,-1.8291264968824905,-0.32944543221893385
20,20,3.4653033814920433,3.7179117112922704,0.44588379459072053,-1.954079549911783,-0.6475978160894508
21,21,3.6272959412126045,3.2398511944112265,0.44157579581778283,-2.115058195892699,-0.8615997545875366
22,22,3.7773071732034174,3.0002246398162584,0.4387060311809183,-1.5521147896365128,-0.5739529273729077
23,23,3.9172350876976108,2.7985582898838723,0.436829672999843,-1.2235937132499193,-0.3752716362150623
24,24,4.053661710504153,2.728532456130855,0.43661037853605494,-0.94826189196977,-0.043858892757606745
25,25,4.187602037148499,2.67880653288693,0.4364241726255353,-0.813784868495999,0.037241182103933824
26,26,4.278330270696923,1.8145646709684646,0.4320573401018657,-1.4844387808942208,-0.8733665047339196
27,27,4.331184137181443,1.0570773296903864,0.4273301091789023,-1.5626843507794042,-0.945446184592675
28,28,4.352172656692507,0.4197703902212857,0.4227523411789177,-1.4860657377748208,-0.9155535999969241
29,29,4.428324809589386,1.523043057937576,0.41922399242953245,-1.069644986302148,0.7056697498770467
30,30,4.495845215869272,1.3504081255977236,0.4164344428877565,-0.8154182499716223,-0.5579099083551878
31,31,4.5609730992452375,1.30255766751931,0.41410238697304275,-0.6565662923288166,-0.46641118294274864
32,32,4.619374164159651,1.168021298288265,0.41129915157753494,-0.6949509831454591,-0.5606470791015592
33,33,4.688145286834257,1.3754224534921229,0.41006865893173483,-0.3724191992204686,-0.2460985291600213
34,34,4.745964852558206,1.1563913144789777,0.4068204056406822,-0.6760811251551633,-0.6496506582105258
35,35,4.7830770968382375,0.7422448856006277,0.4026532015645095,-0.9115464956605869,-0.8334408152345458
36,36,4.792434710024195,0.18715226371914906,0.39783091772715845,-1.1377421462949058,-0.9644567674702172
37,37,4.805809047766977,0.26748675485563805,0.39596136323367004,-0.3340003123979337,-0.3739108986976854
38,38,4.794532537195382,-0.22553021143191115,0.3914382737858809,-1.0238009889126776,-0.9046178895578283
39,39,4.839123884405789,0.8918269442081448,0.3885052693506149,-0.5049767162858138,0.5866008870532017
40,40,4.912267038631679,1.4628630845177966,0.38808728883524035,-0.09472126981763307,0.08359610307491729
41,41,4.976528878624146,1.2852367998493435,0.3850518039179183,-0.39203786870743734,-0.6070969834644077
42,42,5.020398070013884,0.8773838277947521,0.3809593882726721,-0.6903127025521143,-0.8184831290492374
43,43,5.049986310666418,0.5917648130506765,0.3774303643680283,-0.5481466994483222,-0.7058047809287669
44,44,5.076313857347598,0.5265509336236127,0.37491237461094473,-0.32992475401870874,-0.5035979514167136
45,45,5.089810470519934,0.2699322634467221,0.3715238941921866,-0.5490824524522206,-0.6776960837516228
46,46,5.114232391294803,0.48843841549738015,0.3703041262373704,-0.17374574583866342,-0.24395359096324104
47,47,5.110943297007689,-0.06578188574226757,0.36557446414793093,-1.0057314362189207,-0.9459324178878908
48,48,5.124778749357983,0.27670904700587806,0.36491767903651845,-0.14203341666090824,-0.13135702228250076
49,49,5.1168541555211355,-0.15849187673694193,0.3607409726352663,-0.814649210011573,-0.835341280250436
50,50,5.153092795858044,0.7247728067381782,0.3589469050148672,-0.2818399409206185,0.3588135240798124
51,51,5.1589218581675995,0.11658124619110655,0.3540172765221736,-1.1309713412066695,-0.9859256985387236
52,52,5.1517679293200915,-0.14307857695016185,0.350658884250915,-0.6029198752260627,-0.6716784542517135
53,53,5.122594058919198,-0.583477408017866,0.34649536144161386,-0.8159909462620292,-0.8327045618602262
54,54,5.078034370079839,-0.8911937767871743,0.34292975131355063,-0.5865773934937136,-0.7131220256126396
55,55,5.0323715319730296,-0.9132567621361944,0.3406422867237285,-0.24167130196063655,-0.45749291796442815
56,56,4.990008765206904,-0.8472553353225225,0.33875169431091895,-0.15296482164801323,-0.37811848256190395
57,57,4.968000731878301,-0.4401606665720449,0.33838576609447096,-0.037355406505411866,-0.0731856432896023
58,58,4.927770466026355,-0.8046053170389225,0.3345961629825405,-0.6466732038117523,-0.7579206223860829
59,59,4.896526298170578,-0.6248833571155415,0.3332245985829416,-0.17872125791930366,-0.2743128799197759
60,60,4.915157213778364,0.37261831215572616,0.33096091253315474,-0.28981376750162147,0.45273720995737154
61,61,4.912022306192194,-0.06269815172339571,0.32689580765199283,-0.7489808016016645,-0.8130209762323837
62,62,4.902727621706071,-0.18589368972245268,0.3242095831366034,-0.38590446417709323,-0.5372449030778834
63,63,4.950289500865054,0.951237583179665,0.3213404150613972,-0.3789955168862465,0.5738336150412422
64,64,4.9833416109203075,0.661042201105065,0.31794814274338823,-0.47695884826089696,-0.6784544636017987
65,65,5.002594544422638,0.38505867004661426,0.31462054704526576,-0.4455102696291598,-0.6655191396244904
66,66,5.022349163264692,0.3950923768410792,0.3125443200660486,-0.19477790203386366,-0.4152453958434361
67,67,5.016443879275224,-0.11810567978935832,0.308192934722507,-0.773826055594776,-0.8702770687083236
68,68,5.0140528028925475,-0.04782152765352071,0.3063800386059549,-0.14551649606892447,-0.3625792233104056
69,69,5.019047008690882,0.09988411596669614,0.3049071865210175,-0.10581873925506116,-0.29457041698748176
70,70,5.001250740986256,-0.35592535409251636,0.300824364109662,-0.6680282946929239,-0.8165644822710989
71,71,4.971584788741678,-0.593319044891558,0.2976891226891936,-0.4216047618431516,-0.6270482840936811
72,72,4.923574889247318,-0.9601979898872062,0.29400137012541466,-0.6204058696190179,-0.7375505127557948
73,73,4.89196079715177,-0.6322818419109606,0.2933069657238127,-0.12732710176679776,-0.138880880320393
74,74,4.879846884828106,-0.24227824647328378,0.2928876776966686,-0.12718521316015005,-0.0838576054288198
75,75,4.8637566167421875,-0.3218053617183647,0.29045677264551545,-0.3726153579666924,-0.48618101023063404
76,76,4.868231511281072,0.08949789077769371,0.2901371134672144,-0.13585576832981233,-0.06393183566021449
77,77,4.847814326460122,-0.4083436964190159,0.2859280144721649,-0.86084624754493,-0.84181979900989
78,78,4.8657523417637405,0.35876030607238474,0.28472283216628186,-0.19234623385280378,0.2410364611766118
79,79,4.88576564389738,0.40026604267279015,0.28283484622883936,-0.25681399210184064,-0.3775971874884937
80,80,4.906795822067743,0.42060356340725535,0.28085867468888576,-0.24941433614516414,-0.3952343079907243
81,81,4.901717344828898,-0.10156954477689117,0.2765796315843144,-0.8306910508022813,-0.8558086209142671
82,82,4.897553687150965,-0.08327315355867389,0.2745951145771907,-0.2599786229115662,-0.39690340142474345
83,83,4.907756248945191,0.20405123588452245,0.27375471510710636,-0.12049460182753241,-0.1680798940168725
84,84,4.923949107599334,0.32385717308287465,0.2722091196192948,-0.1716055088784063,-0.30911909756231587
85,85,4.94685769023834,0.45817165278012134,0.270727890247145,-0.1409039278784321,-0.2962458744299606
86,86,4.95776483178032,0.21814283083960395,0.26766955280172966,-0.41637228542086757,-0.6116674890830702
87,87,4.943854324359412,-0.2782101484181606,0.263537150749285,-0.739215544562535,-0.8264804104889282
88,88,4.898508186779111,-0.9069227516060213,0.25885699931792316,-0.9776445100400243,-0.9360302862723702
89,89,4.903946158619785,0.10875943681348554,0.2566489497546476,-0.2910731563354779,0.4416099126551205
90,90,4.8905902193100115,-0.2671187861954674,0.25305490851888107,-0.6260950768655881,-0.7188082471532999
91,91,4.849704176392799,-0.8177208583442546,0.24874050838570244,-0.894857763974068,-0.8628800266357236
92,92,4.807745819677386,-0.8391671343082672,0.24662601635911652,-0.3710972415424294,-0.422898405317182
93,93,4.787961766164002,-0.3956810702676843,0.24644706340957623,-0.21331920016196504,-0.03579058990805758
94,94,4.838036205441631,1.0014887855525818,0.24266554000967774,-0.7339605635175621,0.7563046799796975
95,95,4.891603692420067,1.0713497395687275,0.24096957355544832,-0.22344839613479464,-0.33919329084588573
96,96,4.91193663944902,0.4066589405790634,0.23625038634340512,-0.9788924782434626,-0.9438374424086398
97,97,4.931736564765554,0.3959985063306921,0.2342174475578727,-0.23357703946332845,-0.40658775710648576
98,98,4.9672669658693245,0.7106080220754138,0.2335218888252684,-0.05208511215075992,-0.13911174652086142
99,99,4.97322152090575,0.11909110072851681,0.22912008403545775,-0.8018138953982462,-0.8803609579621284
